{
    "Graphics": {
        "ShowFPS": true,
        "ShowPos": true,
        "FOV": 90.42142486572266,
        "PostProc": false,
        "PostProc_Vignette": true,
        "PostProc_Bloom": true,
        "PostProc_ChromaticAberration": true,
        "PostProc_MotionBlur": true
    },
    "Audio": {
        "Music": 0.0,
        "MusicActive": false,
        "Sounds": 0.0,
        "SoundsActive": false
    },
    "Controls": {
        "MouseSensitivity": 9.0
    },
    "Game": {
        "TCONAD": false,
        "TimeOfDay": 0.21094641089439393,
        "DayDuration": 100.0
    }
}